{
  "pattern_size_inner_corners": {
    "columns": 9,
    "rows": 6
  },
  "square_size_mm": 25.0,
  "image_size": {
    "width": 1280,
    "height": 960
  },
  "total_images": 24,
  "detection_success_count": 24,
  "detection_failure_count": 0,
  "failed_images": [],
  "rms_reprojection_error_px": 0.20925496377788727,
  "manual_mean_reprojection_error_px": 0.19415374410649142,
  "camera_matrix_K": [
    [
      898.4942921054471,
      0.0,
      640.389718066519
    ],
    [
      0.0,
      918.316677339128,
      479.91396193477226
    ],
    [
      0.0,
      0.0,
      1.0
    ]
  ],
  "distortion_coefficients_D_k1_k2_p1_p2_k3": [
    0.08203967928917745,
    -0.04786573529463208,
    0.0015175049199388146,
    0.0011937051178738728,
    0.042920473122338584
  ],
  "rvecs": [
    [
      0.003185058150761218,
      -0.0010531160098028627,
      -3.1415584941588173
    ],
    [
      0.21706307868900349,
      0.10982442795762459,
      -3.0925335908426725
    ],
    [
      0.2421933256538997,
      0.07228848990093406,
      3.1002937704062994
    ],
    [
      -0.04943286059667765,
      -0.2703793733115632,
      -3.108994836308742
    ],
    [
      -0.060737442848200394,
      -0.2730602682950767,
      3.115115241793329
    ],
    [
      0.2790220505123271,
      -0.2010720069136231,
      -3.064958723409161
    ],
    [
      0.27536822201753886,
      0.20249425187282186,
      3.0655903838871406
    ],
    [
      -0.27930003427904515,
      -0.2051182933487643,
      3.0653878435652753
    ],
    [
      -0.27498743206123655,
      0.20858016791181413,
      -3.065350528975466
    ],
    [
      0.07858300494873677,
      0.05220235263852202,
      -3.0345556134624485
    ],
    [
      0.07902160518394111,
      0.04691483878648738,
      3.0366143251136504
    ],
    [
      0.6024842114324312,
      0.052750629122201874,
      -3.076203516358774
    ],
    [
      -0.5987005579090797,
      -0.05045544500561896,
      -3.0767269930652086
    ],
    [
      0.0025916258120990566,
      0.5484735179265925,
      -3.092902382426198
    ],
    [
      -0.004047412514591002,
      0.5470705763862764,
      3.0932432858299923
    ],
    [
      0.005011286135942561,
      0.0027278865377924045,
      -2.8624416278291434
    ],
    [
      0.00014419941163767755,
      -0.008390832529105581,
      2.8624404982344474
    ],
    [
      0.3876415013668808,
      0.34040626104821475,
      -2.9121568390949575
    ],
    [
      0.4406596501981554,
      0.27740402694923455,
      2.9705176202371857
    ],
    [
      0.24900745531467652,
      -0.33490452487277683,
      -2.9216236810889753
    ],
    [
      0.15906272476575886,
      -0.37776222925749997,
      2.888729256967978
    ],
    [
      -0.4478118817835801,
      -0.1872907933250819,
      -2.913049545175364
    ],
    [
      -0.4809133148210367,
      -0.11310329473367095,
      2.9446065792744
    ],
    [
      0.24867608112870726,
      0.43484241335945184,
      -2.827718464951284
    ]
  ],
  "tvecs_mm": [
    [
      99.18759287875874,
      61.97268143554378,
      619.0807623898107
    ],
    [
      -54.7177508890703,
      75.10579387393724,
      666.9351843802415
    ],
    [
      249.531543118102,
      48.40352794385632,
      630.6921289572512
    ],
    [
      97.55548974436627,
      -52.209677067643156,
      644.4046698786217
    ],
    [
      99.6594911731013,
      179.27314795722944,
      673.56811590007
    ],
    [
      -50.51701317838804,
      -36.84901742564273,
      697.521964303222
    ],
    [
      245.06576203827473,
      -50.57187349947608,
      663.3206365531689
    ],
    [
      -44.993101041430286,
      159.48395018111106,
      714.9783365097695
    ],
    [
      239.4718396806364,
      173.07589663525218,
      680.5002996429058
    ],
    [
      92.00734476334657,
      77.09281513395949,
      506.51318260478416
    ],
    [
      104.52533673150249,
      46.05340606661902,
      841.5223174291896
    ],
    [
      50.87830351510678,
      61.880316218997535,
      718.4054509836662
    ],
    [
      130.9807912497822,
      61.95508708592279,
      639.5317826538111
    ],
    [
      99.02008357143076,
      78.16713609573641,
      710.3918120348355
    ],
    [
      99.11332494952703,
      38.079756305485205,
      667.7792478214841
    ],
    [
      93.12527403487137,
      87.03592312814119,
      639.2593254305618
    ],
    [
      97.40110103468389,
      32.08190661133987,
      639.0965081859853
    ],
    [
      -13.946315386456487,
      119.34554021710588,
      599.13053205727
    ],
    [
      195.18950783201868,
      0.49122731749497217,
      519.1807065556097
    ],
    [
      40.253311138384596,
      -10.337539088383053,
      807.9915031071143
    ],
    [
      155.30104815779112,
      127.64270337775962,
      809.997660166041
    ],
    [
      244.92664244080078,
      -53.275732950531555,
      742.1663403139196
    ],
    [
      -63.736997111696056,
      174.46100897817826,
      815.79606325201
    ],
    [
      6.19460716107068,
      25.606647721424668,
      576.5591126612543
    ]
  ],
  "per_image_errors": [
    {
      "image": "calibration_01.png",
      "mean_error_px": 0.19165855646133423,
      "max_error_px": 0.3712621033191681,
      "rms_error_px": 0.20693695545196533
    },
    {
      "image": "calibration_02.png",
      "mean_error_px": 0.20832347869873047,
      "max_error_px": 0.3867796063423157,
      "rms_error_px": 0.22182472050189972
    },
    {
      "image": "calibration_03.png",
      "mean_error_px": 0.19958429038524628,
      "max_error_px": 0.36701759696006775,
      "rms_error_px": 0.21738600730895996
    },
    {
      "image": "calibration_04.png",
      "mean_error_px": 0.17567028105258942,
      "max_error_px": 0.38123276829719543,
      "rms_error_px": 0.1941232979297638
    },
    {
      "image": "calibration_05.png",
      "mean_error_px": 0.18733127415180206,
      "max_error_px": 0.34109532833099365,
      "rms_error_px": 0.20512497425079346
    },
    {
      "image": "calibration_06.png",
      "mean_error_px": 0.196416974067688,
      "max_error_px": 0.38526517152786255,
      "rms_error_px": 0.21056967973709106
    },
    {
      "image": "calibration_07.png",
      "mean_error_px": 0.21177798509597778,
      "max_error_px": 0.3782767057418823,
      "rms_error_px": 0.22643780708312988
    },
    {
      "image": "calibration_08.png",
      "mean_error_px": 0.17979975044727325,
      "max_error_px": 0.3736759126186371,
      "rms_error_px": 0.19343116879463196
    },
    {
      "image": "calibration_09.png",
      "mean_error_px": 0.18226554989814758,
      "max_error_px": 0.33126577734947205,
      "rms_error_px": 0.19669601321220398
    },
    {
      "image": "calibration_10.png",
      "mean_error_px": 0.19314998388290405,
      "max_error_px": 0.3470041751861572,
      "rms_error_px": 0.2065606415271759
    },
    {
      "image": "calibration_11.png",
      "mean_error_px": 0.2012995481491089,
      "max_error_px": 0.35482943058013916,
      "rms_error_px": 0.2149820774793625
    },
    {
      "image": "calibration_12.png",
      "mean_error_px": 0.20770838856697083,
      "max_error_px": 0.43947532773017883,
      "rms_error_px": 0.22874297201633453
    },
    {
      "image": "calibration_13.png",
      "mean_error_px": 0.20108087360858917,
      "max_error_px": 0.33573538064956665,
      "rms_error_px": 0.2137833535671234
    },
    {
      "image": "calibration_14.png",
      "mean_error_px": 0.20973284542560577,
      "max_error_px": 0.3981403112411499,
      "rms_error_px": 0.22257253527641296
    },
    {
      "image": "calibration_15.png",
      "mean_error_px": 0.2088392823934555,
      "max_error_px": 0.38327404856681824,
      "rms_error_px": 0.22061382234096527
    },
    {
      "image": "calibration_16.png",
      "mean_error_px": 0.18020913004875183,
      "max_error_px": 0.38290438055992126,