position,norm_E,norm_E_plus_pos,norm_RoPE,diff_E_plus_pos,diff_RoPE
0,2.4894737296,3.7461454997,2.4894737296,1.2566717701,0.000000000000
1,2.8208391644,2.4050860207,2.8208391644,0.4157531437,0.000000000000
2,2.8595902565,1.9242202867,2.8595902565,0.9353699698,0.000000000000
3,2.4522293913,3.5720416040,2.4522293913,1.1198122127,0.000000000000
4,2.9954527966,3.0415748302,2.9954527966,0.0461220336,0.000000000000
5,2.1708607457,2.6978039973,2.1708607457,0.5269432517,0.000000000000
6,2.4984628980,3.0675497699,2.4984628980,0.5690868719,0.000000000000
7,2.1863866695,2.5070204962,2.1863866695,0.3206338267,0.000000000000
