position,norm_before,norm_after,norm_difference
0,2.4894737296,2.4894737296,0.000000000000
1,2.8208391644,2.8208391644,0.000000000000
2,2.8595902565,2.8595902565,0.000000000000
3,2.4522293913,2.4522293913,0.000000000000
4,2.9954527966,2.9954527966,0.000000000000
5,2.1708607457,2.1708607457,0.000000000000
6,2.4984628980,2.4984628980,0.000000000000
7,2.1863866695,2.1863866695,0.000000000000
