relative_position,mean_score,count
-7,-3.336427119880,1
-6,-3.690040460263,2
-5,-3.713010019417,3
-4,-3.468352663850,4
-3,-3.258886514898,5
-2,-3.348091576412,6
-1,-3.717207767844,7
0,-4.081899897611,8
1,-4.153173697313,7
2,-3.902662913793,6
3,-3.588387851098,5
4,-3.517306282943,4
5,-3.762968589296,3
6,-4.097864969654,2
7,-4.202664697231,1
