angle_degree,input_x,input_y,rotated_x,rotated_y
0.0000000000,1.0000000000,0.0000000000,1.0000000000,0.0000000000
45.0000000000,1.0000000000,0.0000000000,0.7071067812,0.7071067812
90.0000000000,1.0000000000,0.0000000000,0.0000000000,1.0000000000
180.0000000000,1.0000000000,0.0000000000,-1.0000000000,0.0000000000
-90.0000000000,1.0000000000,0.0000000000,0.0000000000,-1.0000000000
